{
  "name": "Conda",
  "image": "mcr.microsoft.com/devcontainers/base:bullseye",

  // Comment out to connect as root instead. More info: https://aka.ms/vscode-remote/containers/non-root.
  "remoteUser": "vscode",

  // Setup conda environment
  "onCreateCommand": ".devcontainer/onCreate-conda.sh",

  // Install additional features.
  "features": {
    // For config options, see https://github.com/devcontainers/features/tree/main/src/conda
    "ghcr.io/devcontainers/features/conda": {
      "version": "latest",
      "addCondaForge": "true"
    }
  }
}
